{"cameraMode":{"drawMode":0,"name":"Shaded","section":"Shading Mode"},"sceneLighting":false,"audioPlay":false,"sceneViewState":{"showFog":true,"showMaterialUpdate":false,"showSkybox":false,"showFlares":true,"showImageEffects":true,"showParticleSystems":true},"in2DMode":false,"pivot":{"x":7.446966171264648,"y":245.9780731201172,"z":2.32742977142334},"rotation":{"x":0.07430952042341232,"y":0.8988217711448669,"z":-0.16778095066547395,"w":0.3986494839191437},"size":21.970285415649415,"orthographic":false}