{"cameraMode":{"drawMode":0,"name":"Shaded","section":"Shading Mode"},"sceneLighting":false,"audioPlay":false,"sceneViewState":{"showFog":true,"showMaterialUpdate":false,"showSkybox":false,"showFlares":true,"showImageEffects":true,"showParticleSystems":true},"in2DMode":false,"pivot":{"x":40.788177490234378,"y":9.671159744262696,"z":-6.460234642028809},"rotation":{"x":0.03349938988685608,"y":-0.9618309736251831,"z":0.24727347493171693,"w":0.11832372099161148},"size":120.32982635498047,"orthographic":false}