{"cameraMode":{"drawMode":0,"name":"Shaded","section":"Shading Mode"},"sceneLighting":false,"audioPlay":false,"sceneViewState":{"showFog":true,"showMaterialUpdate":false,"showSkybox":false,"showFlares":true,"showImageEffects":true,"showParticleSystems":true},"in2DMode":false,"pivot":{"x":119.76595306396485,"y":16.126422882080079,"z":19.0694522857666},"rotation":{"x":0.07430952042341232,"y":0.8988217711448669,"z":-0.16778095066547395,"w":0.3986494839191437},"size":66.25605773925781,"orthographic":false}