{"cameraMode":{"drawMode":0,"name":"Shaded","section":"Shading Mode"},"sceneLighting":false,"audioPlay":false,"sceneViewState":{"showFog":true,"showMaterialUpdate":false,"showSkybox":false,"showFlares":true,"showImageEffects":true,"showParticleSystems":true},"in2DMode":false,"pivot":{"x":117.07476806640625,"y":-21.866958618164064,"z":9.312019348144532},"rotation":{"x":0.07430952042341232,"y":0.8988217711448669,"z":-0.16778095066547395,"w":0.3986494839191437},"size":123.13301849365235,"orthographic":false}