{"cameraMode":{"drawMode":0,"name":"Shaded","section":"Shading Mode"},"sceneLighting":false,"audioPlay":false,"sceneViewState":{"showFog":true,"showMaterialUpdate":false,"showSkybox":false,"showFlares":true,"showImageEffects":true,"showParticleSystems":true},"in2DMode":false,"pivot":{"x":0.6335935592651367,"y":11.578508377075196,"z":-73.49052429199219},"rotation":{"x":0.03349938988685608,"y":-0.9618309736251831,"z":0.24727347493171693,"w":0.11832372099161148},"size":108.90560913085938,"orthographic":false}