{"cameraMode":{"drawMode":0,"name":"Shaded","section":"Shading Mode"},"sceneLighting":false,"audioPlay":false,"sceneViewState":{"showFog":true,"showMaterialUpdate":false,"showSkybox":false,"showFlares":true,"showImageEffects":true,"showParticleSystems":true},"in2DMode":false,"pivot":{"x":0.0750097781419754,"y":-0.6927283406257629,"z":8.239956855773926},"rotation":{"x":0.03349938988685608,"y":-0.9618309736251831,"z":0.24727347493171693,"w":0.11832372099161148},"size":2.3898661136627199,"orthographic":false}