{"cameraMode":{"drawMode":0,"name":"Shaded","section":"Shading Mode"},"sceneLighting":false,"audioPlay":false,"sceneViewState":{"showFog":true,"showMaterialUpdate":false,"showSkybox":false,"showFlares":true,"showImageEffects":true,"showParticleSystems":true},"in2DMode":false,"pivot":{"x":71.4278564453125,"y":9.757970809936524,"z":-5.122633934020996},"rotation":{"x":0.03349938988685608,"y":-0.9618309736251831,"z":0.24727347493171693,"w":0.11832372099161148},"size":113.15015411376953,"orthographic":false}